StudentId,MId,PassDate
AA1234,CM,12/1/2016
AA2345,CM,12/1/2016
MS1259,CM,12/2/2016
AJ1934,CM,12/2/2016
VW8930,CM,12/2/2016
AJ1836,CM,12/2/2016
IS2945,CM,12/2/2016
BM1745,CM,12/5/2016
AM2950,CM,12/5/2016
VA1938,CM,12/5/2016
AB2903,CM,12/5/2016
MA1968,CM,12/5/2016
JG8927,CM,12/5/2016
AL8345,CM,12/5/2016
AM8051,CM,12/6/2016
JR1930,CM,12/6/2016
JG1036,CM,12/6/2016
DB1783,CM,12/7/2016
DB6291,CM,12/7/2016
KY4892,CM,12/8/2016
MN2903,CM,12/8/2016
ZW1029,CM,12/8/2016
XY2938,CM,12/8/2016
WW3847,CM,12/8/2016
RK1489,CM,12/8/2016
KH1029,CM,12/9/2016
JP9384,CM,12/9/2016
BD5678,CM,12/7/2017
BE1256,CM,12/7/2017
FE6789,CM,12/7/2017
IJ1569,CM,12/7/2017
FK8907,CM,12/7/2017
SJ1947,CM,12/7/2017
AK1958,CM,12/7/2017
EN4589,CM,12/6/2018
KO1905,CM,12/7/2018
NZ1278,CM,12/7/2018
HA2680,CM,12/8/2018
DB1783,DE,6/5/2017
DB6291,DE,6/6/2017
KY4892,DE,6/6/2017
MN2903,DE,6/6/2017
ZW1029,DE,6/7/2017
XY2938,DE,6/7/2017
WW3847,DE,6/7/2017
RK1489,DE,6/7/2017
KH1029,DE,6/7/2017
JP9384,DE,6/7/2017
IJ1569,DE,12/6/2017
FK8907,DE,12/7/2017
MN2903,CE,12/7/2017
ZW1029,CE,12/7/2017
XY2938,CE,12/7/2017
WW3847,CE,12/7/2017
RK1489,CE,12/7/2017
KH1029,CE,12/7/2017
JP9384,CE,12/7/2017
FK8907,CE,5/7/2018
RK1489,PR,12/7/2018
KH1029,PR,12/7/2018
JP9384,PR,12/8/2018
